Recipe Name,Recipe URL,Beer Style,Brewer,Stats
Classic saison,https://beersmithrecipes.com/viewrecipe/2274009/classic-saison,Saison (25B),ceaker,"OG: 1.052 (12.9° P), Bitterness: 23.7 IBUs, ABV: 5.5 %"
BlueBerry Trippel no,https://beersmithrecipes.com/viewrecipe/4182775/blueberry-trippel-no,Belgian Tripel (26C),JEFFREY1,"OG: 1.077 (18.7° P), Bitterness: 25.9 IBUs, ABV: 9.0 %"
Frog Stomp!n',https://beersmithrecipes.com/viewrecipe/4985285/frog-stompn,American Pale Ale (18B),soundwavedave,"OG: 1.052 (13.0° P), Bitterness: 32.4 IBUs, ABV: 5.4 %"
Bramhall fest Marzen,https://beersmithrecipes.com/viewrecipe/5173911/bramhall-fest-marzen,Festbier (4B),andrewoshea,"OG: 1.055 (13.6° P), Bitterness: 21.5 IBUs, ABV: 5.6 %"
West Coast IPA v1,https://beersmithrecipes.com/viewrecipe/5177828/west-coast-ipa-v1,American IPA (21A),cdouglas70,"OG: 1.066 (16.0° P), Bitterness: 79.5 IBUs, ABV: 6.4 %"
Hop water,https://beersmithrecipes.com/viewrecipe/5037155/hop-water,"Spice, Herb, or Vegetable Beer (21A)",gsa2bsa2,"OG: 1.000 (-0.0° P), Bitterness: 23.1 IBUs, ABV: 0.0 %"
Waterpocket IPL,https://beersmithrecipes.com/viewrecipe/4787679/waterpocket-ipl,International Pale Lager (2A),PovertyFlatBrewing,"OG: 1.063 (15.5° P), Bitterness: 94.8 IBUs, ABV: 7.1 %"
Nr2 Berliner Hindbær 90 lt,https://beersmithrecipes.com/viewrecipe/3595948/nr2-berliner-hindbaer-90-lt,Berliner weisse (11E),themadbrewer,"OG: 1.038 (9.5° P), Bitterness: 3.6 IBUs, ABV: 4.1 %"
Pumpkin Ale - ABREJA,https://beersmithrecipes.com/viewrecipe/5048854/pumpkin-ale-abreja,American Amber Ale (19A),cervejauaipa,"OG: 1.052 (12.8° P), Bitterness: 6.6 IBUs, ABV: 5.3 %"
Valbrygg Golden Ale Batch 95,https://beersmithrecipes.com/viewrecipe/5177256/valbrygg-golden-ale-batch-95,American Pale Ale (10A),Valbrygg,"OG: 1.049 (12.1° P), Bitterness: 32.8 IBUs, ABV: 5.3 %"
Valbrygg Batch 100,https://beersmithrecipes.com/viewrecipe/5177253/valbrygg-batch-100,Wood- and Barrel-Aged Strong Stout (23 ),Valbrygg,"OG: 1.125 (29.2° P), Bitterness: 36.6 IBUs, ABV: 10.0 %"
Valbrygg Sterk Bayer Batch 96,https://beersmithrecipes.com/viewrecipe/5177255/valbrygg-sterk-bayer-batch-96,Eisbock ( 9B),Valbrygg,"OG: 1.120 (28.2° P), Bitterness: 27.1 IBUs, ABV: 10.0 %"
Valbryggs Julebokk batch 99,https://beersmithrecipes.com/viewrecipe/5177254/valbryggs-julebokk-batch-99,Doppelbock ( 3R),Valbrygg,"OG: 1.087 (20.8° P), Bitterness: 30.7 IBUs, ABV: 9.6 %"
Valbrygg 7 Sorter Jul Batch 73,https://beersmithrecipes.com/viewrecipe/4158283/valbrygg-7-sorter-jul-batch-73,Christmas/Winter Specialty Spice Beer (21B),Valbrygg,"OG: 1.065 (16.0° P), Bitterness: 36.0 IBUs, ABV: 6.3 %"
Valbryggs Julebokk batch 74,https://beersmithrecipes.com/viewrecipe/4158284/valbryggs-julebokk-batch-74,Doppelbock ( 3R),Valbrygg,"OG: 1.085 (20.5° P), Bitterness: 31.9 IBUs, ABV: 9.5 %"
Valbrygg Utepils Batch 75,https://beersmithrecipes.com/viewrecipe/4158286/valbrygg-utepils-batch-75,German Pils ( 5D),Valbrygg,"OG: 1.048 (11.9° P), Bitterness: 26.2 IBUs, ABV: 5.2 %"
Valbrygg God Jul Batch 76,https://beersmithrecipes.com/viewrecipe/4158287/valbrygg-god-jul-batch-76,Christmas/Winter Specialty Spice Beer (21B),Valbrygg,"OG: 1.075 (18.1° P), Bitterness: 34.9 IBUs, ABV: 7.6 %"
Valbrygg Golden Ale Batch 77,https://beersmithrecipes.com/viewrecipe/4158288/valbrygg-golden-ale-batch-77,American Pale Ale (10A),Valbrygg,"OG: 1.048 (11.9° P), Bitterness: 32.7 IBUs, ABV: 5.1 %"
Valbrygg Golden Sour Batch 78,https://beersmithrecipes.com/viewrecipe/4158289/valbrygg-golden-sour-batch-78,American Pale Ale (10A),Valbrygg,"OG: 1.048 (11.9° P), Bitterness: 32.7 IBUs, ABV: 5.1 %"
Valbrygg Golden Lite Batch 79,https://beersmithrecipes.com/viewrecipe/4158290/valbrygg-golden-lite-batch-79,American Pale Ale (10A),Valbrygg,"OG: 1.048 (11.9° P), Bitterness: 32.7 IBUs, ABV: 5.1 %"
Valbrygg Heksebrygg Batch 80,https://beersmithrecipes.com/viewrecipe/4158291/valbrygg-heksebrygg-batch-80,Imperial stout ( 9E),Valbrygg,"OG: 1.091 (21.8° P), Bitterness: 51.6 IBUs, ABV: 9.6 %"
Valbrygg Heksebrygg Batch 80,https://beersmithrecipes.com/viewrecipe/4158291/valbrygg-heksebrygg-batch-80,Imperial stout ( 9E),Valbrygg,"OG: 1.091 (21.8° P), Bitterness: 51.6 IBUs, ABV: 9.6 %"
Valbryggs Kilt Lifter Batch 81,https://beersmithrecipes.com/viewrecipe/4158292/valbryggs-kilt-lifter-batch-81,Strong Scotch Ale ( 9E),Valbrygg,"OG: 1.104 (24.6° P), Bitterness: 31.6 IBUs, ABV: 11.0 %"
Valbrygg Golden IPA Batch 93,https://beersmithrecipes.com/viewrecipe/5177244/valbrygg-golden-ipa-batch-93,Specialty IPA (21B),Valbrygg,"OG: 1.052 (12.8° P), Bitterness: 99.3 IBUs, ABV: 5.2 %"
Valbrygg Golden Pale Ale Lite Batch 94,https://beersmithrecipes.com/viewrecipe/5177243/valbrygg-golden-pale-ale-lite-batch-94,American Pale Ale (10A),Valbrygg,"OG: 1.050 (12.3° P), Bitterness: 31.8 IBUs, ABV: 5.2 %"
Valbrygg Golden Ale Batch 82,https://beersmithrecipes.com/viewrecipe/4158293/valbrygg-golden-ale-batch-82,American Pale Ale (10A),Valbrygg,"OG: 1.048 (11.9° P), Bitterness: 32.7 IBUs, ABV: 5.1 %"
Valbrygg Golden Pils Batch 101,https://beersmithrecipes.com/viewrecipe/5177242/valbrygg-golden-pils-batch-101,Tysk Pilsner ( 1D),Valbrygg,"OG: 1.049 (12.1° P), Bitterness: 32.8 IBUs, ABV: 5.3 %"
Valbrygg Golden Ale Batch 102,https://beersmithrecipes.com/viewrecipe/5177241/valbrygg-golden-ale-batch-102,American Pale Ale (10A),Valbrygg,"OG: 1.049 (12.1° P), Bitterness: 32.8 IBUs, ABV: 5.3 %"
Valbrygg Golden Sur Batch 104,https://beersmithrecipes.com/viewrecipe/5177240/valbrygg-golden-sur-batch-104,Brett Beer (28A),Valbrygg,"OG: 1.049 (12.1° P), Bitterness: 33.0 IBUs, ABV: 5.2 %"
'Murican Pale Ale,https://beersmithrecipes.com/viewrecipe/863606/murican-pale-ale,American Pale Ale (10A),yeastieboysbrewing,"OG: 1.055 (13.5° P), Bitterness: 35.1 IBUs, ABV: 5.3 %"
Tmave Pivo,https://beersmithrecipes.com/viewrecipe/4211183/tmave-pivo,Czech Dark Lager (3D),Pmalo,"OG: 1.046 (11.6° P), Bitterness: 24.9 IBUs, ABV: 4.5 %"
Raspberry Berliner Weisse,https://beersmithrecipes.com/viewrecipe/3930318/raspberry-berliner-weisse,Berliner Weisse (23A),icdibble,"OG: 1.035 (8.9° P), Bitterness: 5.9 IBUs, ABV: 3.9 %"
Czech Pilsner,https://beersmithrecipes.com/viewrecipe/5087444/czech-pilsner,Czech Premium Pale Lager (3B),vkrishan,"OG: 1.053 (13.2° P), Bitterness: 35.3 IBUs, ABV: 5.3 %"
Red Irish Ale,https://beersmithrecipes.com/viewrecipe/4386407/red-irish-ale,Irish Red Ale (15A),bsp0466,"OG: 1.048 (11.9° P), Bitterness: 16.2 IBUs, ABV: 4.6 %"
Hoppy Pils,https://beersmithrecipes.com/viewrecipe/2849693/hoppy-pils,New Zealand Pilsner (X.5),HallPassBrewers,"OG: 1.051 (12.6° P), Bitterness: 29.7 IBUs, ABV: 5.3 %"
Pacific Coast Hoppy Pilsner,https://beersmithrecipes.com/viewrecipe/5068297/pacific-coast-hoppy-pilsner,American Lager ( 1B),Dibbs,"OG: 1.048 (12.0° P), Bitterness: 42.1 IBUs, ABV: 5.6 %"
CJ20 LAGER IPA,https://beersmithrecipes.com/viewrecipe/5175391/cj20-lager-ipa,Czech Amber Lager ( 3C),Lletus1962,"OG: 1.054 (13.3° P), Bitterness: 50.9 IBUs, ABV: 5.1 %"
Solhagabryggeri's No More Segregation IPA,https://beersmithrecipes.com/viewrecipe/5146936/solhagabryggeris-no-more-segregation-ipa,Double IPA (22A),MagnusWest,"OG: 1.075 (18.2° P), Bitterness: 79.5 IBUs, ABV: 8.0 %"
HELLES,https://beersmithrecipes.com/viewrecipe/4541832/helles,German Pils ( 5D),LPRANTNER,"OG: 1.047 (11.7° P), Bitterness: 29.5 IBUs, ABV: 4.9 %"
Trumpeter Hefeweizen 7bbl,https://beersmithrecipes.com/viewrecipe/3125069/trumpeter-hefeweizen-7bbl,South German-Style Hefeweizen (71 ),Schwahnny42,"OG: 1.055 (13.5° P), Bitterness: 11.8 IBUs, ABV: 5.5 %"
Hefeweizen (GSteel),https://beersmithrecipes.com/viewrecipe/3514804/hefeweizen-gsteel,Weissbier (10A),GrahamSteel,"OG: 1.049 (12.2° P), Bitterness: 13.0 IBUs, ABV: 4.8 %"
ALE: MB: Belgian Pale Turned Into Hoppy Saison 5gal,https://beersmithrecipes.com/viewrecipe/5157955/ale-mb-belgian-pale-turned-into-hoppy-saison-5gal,Saison (25B),jacksw02,"OG: 1.062 (15.1° P), Bitterness: 30.9 IBUs, ABV: 7.3 %"
ALE: MB: Belgian Pale Turned Into Hoppy Saison 5gal,https://beersmithrecipes.com/viewrecipe/5157955/ale-mb-belgian-pale-turned-into-hoppy-saison-5gal,Saison (25B),jacksw02,"OG: 1.062 (15.1° P), Bitterness: 30.9 IBUs, ABV: 7.3 %"
Ale: AlwaysOnTap: Pale Ale 5gal,https://beersmithrecipes.com/viewrecipe/5174030/ale-alwaysontap-pale-ale-5gal,American Pale Ale (18B),jacksw02,"OG: 1.051 (12.7° P), Bitterness: 45.8 IBUs, ABV: 5.6 %"
Helles Bock,https://beersmithrecipes.com/viewrecipe/5139622/helles-bock,Helles Bock ( 4C),Dibbs,"OG: 1.068 (16.7° P), Bitterness: 24.1 IBUs, ABV: 7.1 %"
Japanese IPA,https://beersmithrecipes.com/viewrecipe/4522879/japanese-ipa,American Amber Ale ( 6B),DayBlockBrew,"OG: 1.050 (12.4° P), Bitterness: 24.4 IBUs, ABV: 5.1 %"
Oompahpah Oktoberfest 2025,https://beersmithrecipes.com/viewrecipe/5163587/oompahpah-oktoberfest-2025,Märzen ( 6A),MGH,"OG: 1.058 (14.2° P), Bitterness: 21.3 IBUs, ABV: 5.9 %"
Sleetmoor 2024 Christmas Ale,https://beersmithrecipes.com/viewrecipe/5173498/sleetmoor-2024-christmas-ale,Old Ale (17B),mickybrew,"OG: 1.081 (19.5° P), Bitterness: 34.6 IBUs, ABV: 8.9 %"
Chocolate/Vanilla Milk Stout (GSteel),https://beersmithrecipes.com/viewrecipe/3489190/chocolate-vanilla-milk-stout-gsteel,Sweet Stout (16A),GrahamSteel,"OG: 1.058 (14.3° P), Bitterness: 33.0 IBUs, ABV: 5.0 %"
City of the Sun (Dec. 2021),https://beersmithrecipes.com/viewrecipe/3919787/city-of-the-sun-dec-2021,American IPA (14B),bobssvcctr,"OG: 1.066 (16.1° P), Bitterness: 73.0 IBUs, ABV: 7.0 %"
Might As Well Mow The Lawn 5g,https://beersmithrecipes.com/viewrecipe/5140402/might-as-well-mow-the-lawn-5g,Cream Ale ( 1C),ShinyHeadBrewer,"OG: 1.047 (11.7° P), Bitterness: 12.5 IBUs, ABV: 4.9 %"
Winter is Coming v6.**** -- Belgian Dark Strong Ale - 2025,https://beersmithrecipes.com/viewrecipe/5171562/winter-is-coming-v6-belgian-dark-strong-ale-2025,Belgian Dark Strong Ale (26D),emichon,"OG: 1.106 (25.1° P), Bitterness: 13.2 IBUs, ABV: 11.9 %"
Blue Moon Clone,https://beersmithrecipes.com/viewrecipe/887445/blue-moon-clone,American Wheat or Rye Beer (6D),gatsby174,"OG: 1.054 (13.4° P), Bitterness: 18.4 IBUs, ABV: 5.6 %"
Clemens Honey Stout - 12 gal,https://beersmithrecipes.com/viewrecipe/2090109/clemens-honey-stout-12-gal,Imperial Stout (20C),stevclem,"OG: 1.099 (23.5° P), Bitterness: 73.4 IBUs, ABV: 10.0 %"
Belgian Circus 5g,https://beersmithrecipes.com/viewrecipe/5171430/belgian-circus-5g,Belgian Golden Strong Ale (18D),ShinyHeadBrewer,"OG: 1.088 (21.1° P), Bitterness: 24.4 IBUs, ABV: 9.7 %"
Belgian Circus 1.2,https://beersmithrecipes.com/viewrecipe/1443460/belgian-circus-12,Belgian Golden Strong Ale (18D),ShinyHeadBrewer,"OG: 1.082 (19.9° P), Bitterness: 27.9 IBUs, ABV: 9.1 %"
Bowie In Space Anvil 10.5,https://beersmithrecipes.com/viewrecipe/4897648/bowie-in-space-anvil-105,Specialty IPA: New England IPA (21B),HiawathaBrewing,"OG: 1.073 (17.7° P), Bitterness: 79.5 IBUs, ABV: 7.3 %"
WeldWerks Brewing Co. Juicy Bits New England–Style IPA Anvil 10.5,https://beersmithrecipes.com/viewrecipe/4957176/weldwerks-brewing-co-juicy-bits-new-england-style-ipa-anvil-105,American IPA (21A),HiawathaBrewing,"OG: 1.066 (16.2° P), Bitterness: 46.4 IBUs, ABV: 6.4 %"
Jurassic Juice Hazy IPA,https://beersmithrecipes.com/viewrecipe/4957074/jurassic-juice-hazy-ipa,Hazy IPA (21C),HiawathaBrewing,"OG: 1.057 (14.1° P), Bitterness: 31.5 IBUs, ABV: 5.8 %"
Vail Franconian Rotbier,https://beersmithrecipes.com/viewrecipe/5119273/vail-franconian-rotbier,Märzen (6A),HiawathaBrewing,"OG: 1.055 (13.5° P), Bitterness: 22.5 IBUs, ABV: 5.4 %"
Ute Watermelon Blonde Ale Anvil 10.5,https://beersmithrecipes.com/viewrecipe/4940989/ute-watermelon-blonde-ale-anvil-105,Blonde Ale (6B),HiawathaBrewing,"OG: 1.058 (14.2° P), Bitterness: 25.3 IBUs, ABV: 5.5 %"
Rockaway Chocolate Peanut Butter Stout 2 Batch 2,https://beersmithrecipes.com/viewrecipe/5104363/rockaway-chocolate-peanut-butter-stout-2-batch-2,Sweet Stout (16A),HiawathaBrewing,"OG: 1.059 (14.5° P), Bitterness: 29.5 IBUs, ABV: 7.3 %"
Rockaway Chocolate Peanut Butter Stout 2,https://beersmithrecipes.com/viewrecipe/4871365/rockaway-chocolate-peanut-butter-stout-2,Sweet Stout (16A),HiawathaBrewing,"OG: 1.059 (14.5° P), Bitterness: 29.5 IBUs, ABV: 6.6 %"
Rockaway Chocolate Peanut Butter Stout 2,https://beersmithrecipes.com/viewrecipe/4871365/rockaway-chocolate-peanut-butter-stout-2,Sweet Stout (16A),HiawathaBrewing,"OG: 1.059 (14.5° P), Bitterness: 29.5 IBUs, ABV: 6.6 %"
Rockaway Chocolate Peanut Butter Stout,https://beersmithrecipes.com/viewrecipe/4870758/rockaway-chocolate-peanut-butter-stout,Sweet Stout (16A),HiawathaBrewing,"OG: 1.075 (18.3° P), Bitterness: 25.8 IBUs, ABV: 8.3 %"
River Working Mans English Mild Anvil 10.5,https://beersmithrecipes.com/viewrecipe/5167765/river-working-mans-english-mild-anvil-105,Mild (11A),HiawathaBrewing,"OG: 1.036 (9.0° P), Bitterness: 20.0 IBUs, ABV: 3.5 %"
Norman Chocolate Hazelnut Coffee Stout Batch 4,https://beersmithrecipes.com/viewrecipe/5058843/norman-chocolate-hazelnut-coffee-stout-batch-4,Sweet Stout (16A),HiawathaBrewing,"OG: 1.072 (17.5° P), Bitterness: 22.3 IBUs, ABV: 6.0 %"
Norman Chocolate Hazelnut Coffee Stout Adjusted,https://beersmithrecipes.com/viewrecipe/4729130/norman-chocolate-hazelnut-coffee-stout-adjusted,Sweet Stout (16A),HiawathaBrewing,"OG: 1.075 (18.2° P), Bitterness: 21.7 IBUs, ABV: 6.3 %"
Lake Shore Imperial IPA Adjusted,https://beersmithrecipes.com/viewrecipe/4779229/lake-shore-imperial-ipa-adjusted,Imperial IPA (14C),HiawathaBrewing,"OG: 1.074 (18.0° P), Bitterness: 74.0 IBUs, ABV: 7.8 %"
Laauwe Sorrel Blonde Ale 2,https://beersmithrecipes.com/viewrecipe/5072860/laauwe-sorrel-blonde-ale-2,Blonde Ale (6B),HiawathaBrewing,"OG: 1.057 (14.0° P), Bitterness: 22.4 IBUs, ABV: 5.5 %"
Laauwe Sorrel Blonde Ale,https://beersmithrecipes.com/viewrecipe/4746176/laauwe-sorrel-blonde-ale,Blonde Ale (6B),HiawathaBrewing,"OG: 1.057 (14.0° P), Bitterness: 22.4 IBUs, ABV: 5.5 %"
Beverwyck Schwarzbier Lager Anvil 10.5,https://beersmithrecipes.com/viewrecipe/4962359/beverwyck-schwarzbier-lager-anvil-105,Schwarzbier (Black Beer) (4C),HiawathaBrewing,"OG: 1.052 (12.8° P), Bitterness: 29.7 IBUs, ABV: 5.3 %"
Bowie In Space,https://beersmithrecipes.com/viewrecipe/4897645/bowie-in-space,Specialty IPA: New England IPA (21B),HiawathaBrewing,"OG: 1.072 (17.5° P), Bitterness: 296.7 IBUs, ABV: 7.5 %"
DDH West Coast IPA,https://beersmithrecipes.com/viewrecipe/5170880/ddh-west-coast-ipa,Double IPA (22A),cdouglas70,"OG: 1.077 (18.6° P), Bitterness: 67.7 IBUs, ABV: 6.6 %"
Killian's Irish Red Clone,https://beersmithrecipes.com/viewrecipe/5134468/killians-irish-red-clone,Irish Red Ale (15A),cdouglas70,"OG: 1.052 (12.9° P), Bitterness: 20.6 IBUs, ABV: 5.1 %"
Stout my,https://beersmithrecipes.com/viewrecipe/2738798/stout-my,Irish Extra Stout (15C),Helgiz,"OG: 1.059 (14.5° P), Bitterness: 35.9 IBUs, ABV: 6.3 %"
Vanilla Cream Ale,https://beersmithrecipes.com/viewrecipe/953849/vanilla-cream-ale,Cream Ale ( 1C),coreyperrycm,"OG: 1.045 (11.1° P), Bitterness: 10.0 IBUs, ABV: 4.6 %"
BRO-42-Rousse allemande Altbier ver 2.0,https://beersmithrecipes.com/viewrecipe/5151385/bro-42-rousse-allemande-altbier-ver-20,Düsseldorf Altbier ( 7C),louilama,"OG: 1.050 (12.3° P), Bitterness: 44.9 IBUs, ABV: 4.9 %"
Louies Pfriem Jammy Pale Ale,https://beersmithrecipes.com/viewrecipe/3163374/louies-pfriem-jammy-pale-ale,American Pale Ale (10A),BaderBeer,"OG: 1.052 (13.0° P), Bitterness: 37.1 IBUs, ABV: 4.9 %"
Louie's Lucille,https://beersmithrecipes.com/viewrecipe/2580385/louies-lucille,American IPA (14B),BaderBeer,"OG: 1.062 (15.2° P), Bitterness: 57.9 IBUs, ABV: 6.2 %"
Louie's Hoppy German lager,https://beersmithrecipes.com/viewrecipe/995729/louies-hoppy-german-lager,German Pilsner (Pils) ( 2A),BaderBeer,"OG: 1.048 (12.0° P), Bitterness: 44.2 IBUs, ABV: 4.7 %"
Bloody Codger ESB v.3.2,https://beersmithrecipes.com/viewrecipe/5170424/bloody-codger-esb-v32,Strong Bitter (11C),atlref,"OG: 1.052 (12.8° P), Bitterness: 41.2 IBUs, ABV: 5.2 %"
Denver Munich Helles 2,https://beersmithrecipes.com/viewrecipe/5152732/denver-munich-helles-2,Munich Helles ( 1D),cfrazier77,"OG: 1.048 (11.8° P), Bitterness: 17.7 IBUs, ABV: 5.0 %"
Vamos De Fiesta V1.1,https://beersmithrecipes.com/viewrecipe/5169189/vamos-de-fiesta-v11,International Pale Lager ( 2A),atlref,"OG: 1.049 (12.2° P), Bitterness: 18.1 IBUs, ABV: 5.3 %"
Vamos De Fiesta V1.1,https://beersmithrecipes.com/viewrecipe/5169189/vamos-de-fiesta-v11,International Pale Lager ( 2A),atlref,"OG: 1.049 (12.2° P), Bitterness: 18.1 IBUs, ABV: 5.3 %"
Grodziskie Specjalne-II,https://beersmithrecipes.com/viewrecipe/5170133/grodziskie-specjalne-ii,Piwo Grodziskie (27 ),ysanstra,"OG: 1.031 (7.7° P), Bitterness: 28.8 IBUs, ABV: 3.2 %"
Grodziskie Specjalne-20L,https://beersmithrecipes.com/viewrecipe/4750677/grodziskie-specjalne-20l,Piwo Grodziskie (27 ),ysanstra,"OG: 1.034 (8.6° P), Bitterness: 29.7 IBUs, ABV: 3.6 %"
Lawnblazer Honey Cream Ale,https://beersmithrecipes.com/viewrecipe/4405493/lawnblazer-honey-cream-ale,Cream Ale (6A),HOPS-SCOTCH,"OG: 1.048 (11.9° P), Bitterness: 17.1 IBUs, ABV: 5.2 %"
Summer Weizen (Von Trapp clone) 2023,https://beersmithrecipes.com/viewrecipe/4558828/summer-weizen-von-trapp-clone-2023,Weissbier (10A),pmiraglia,"OG: 1.043 (10.7° P), Bitterness: 14.8 IBUs, ABV: 4.4 %"
Belgian Single - Small Batch - Extract,https://beersmithrecipes.com/viewrecipe/5158588/belgian-single-small-batch-extract,Belgian Single (26A),mkmead2022,"OG: 1.049 (12.3° P), Bitterness: 35.6 IBUs, ABV: 5.6 %"
Mark's Oud Bruin,https://beersmithrecipes.com/viewrecipe/491994/marks-oud-bruin,Oud Bruin (23C),zambron,"OG: 1.069 (16.8° P), Bitterness: 23.2 IBUs, ABV: 7.1 %"
Big Brew Day 2025 (HCHB),https://beersmithrecipes.com/viewrecipe/5154491/big-brew-day-2025-hchb,Double IPA (22A),idntknw45,"OG: 1.081 (19.5° P), Bitterness: 0.0 IBUs, ABV: 8.9 %"
Jess - Couvetoberfest 2020 - AG 5G,https://beersmithrecipes.com/viewrecipe/3238700/jess-couvetoberfest-2020-ag-5g,Festbier ( 4B),BaderBeer,"OG: 1.055 (13.6° P), Bitterness: 21.6 IBUs, ABV: 6.0 %"
Carlton Draght,https://beersmithrecipes.com/viewrecipe/5168505/carlton-draght-,American Light Lager (1A),nexus7brewer,"OG: 1.036 (9.1° P), Bitterness: 11.0 IBUs, ABV: 3.9 %"
Extra Shabby Bitter,https://beersmithrecipes.com/viewrecipe/2218201/extra-shabby-bitter,Best Bitter (11B),jonsl8,"OG: 1.047 (11.7° P), Bitterness: 29.9 IBUs, ABV: 4.5 %"
Manny's clone,https://beersmithrecipes.com/viewrecipe/1988523/mannys-clone,American Pale Ale (18B),jonsl8,"OG: 1.052 (12.8° P), Bitterness: 37.5 IBUs, ABV: 5.5 %"
CSB Cheap German Blonde,https://beersmithrecipes.com/viewrecipe/1933519/csb-cheap-german-blonde,German Leichtbier (5A),CasaSueno,"OG: 1.031 (7.9° P), Bitterness: 23.5 IBUs, ABV: 3.2 %"
Dragon Silk,https://beersmithrecipes.com/viewrecipe/2259394/dragon-silk,Imperial Stout (20C),ctg6string,"OG: 1.102 (24.3° P), Bitterness: 36.9 IBUs, ABV: 10.1 %"
Cream Ale,https://beersmithrecipes.com/viewrecipe/2292840/cream-ale,Cream Ale (1C),ctg6string,"OG: 1.039 (9.6° P), Bitterness: 26.1 IBUs, ABV: 4.0 %"
WC W-IPA【US】Sowaka,https://beersmithrecipes.com/viewrecipe/4833410/wc-w-ipaussowaka,American IPA (21A),Kohshi,"OG: 1.063 (15.4° P), Bitterness: 71.9 IBUs, ABV: 7.1 %"
Reverb,https://beersmithrecipes.com/viewrecipe/1874858/reverb,American IPA (21A),JamSessionJeff,"OG: 1.078 (18.9° P), Bitterness: 64.2 IBUs, ABV: 7.7 %"
Das Boot,https://beersmithrecipes.com/viewrecipe/2431974/das-boot,Weissbier (10A),JamSessionJeff,"OG: 1.058 (14.2° P), Bitterness: 45.7 IBUs, ABV: 5.8 %"
Mark's Gose,https://beersmithrecipes.com/viewrecipe/725780/marks-gose,Gose (27 ),zambron,"OG: 1.044 (10.9° P), Bitterness: 8.8 IBUs, ABV: 4.7 %"
Rauchbier (2025 - Steinbier),https://beersmithrecipes.com/viewrecipe/5162341/rauchbier-2025-steinbier,Rauchbier (6B),jstauffer,"OG: 1.057 (14.0° P), Bitterness: 23.9 IBUs, ABV: 5.8 %"
150- Pacifica II,https://beersmithrecipes.com/viewrecipe/4790889/150-pacifica-ii,Czech Premium Pale Lager ( 3B),lucio,"OG: 1.053 (13.1° P), Bitterness: 36.7 IBUs, ABV: 5.7 %"
150- Pacifica II,https://beersmithrecipes.com/viewrecipe/4790889/150-pacifica-ii,Czech Premium Pale Lager ( 3B),lucio,"OG: 1.053 (13.1° P), Bitterness: 36.7 IBUs, ABV: 5.7 %"
Red SIPA Me Final,https://beersmithrecipes.com/viewrecipe/3046614/red-sipa-me-final,Red IPA (21B),flopez,"OG: 1.044 (10.9° P), Bitterness: 30.1 IBUs, ABV: 4.5 %"
Stocky v3,https://beersmithrecipes.com/viewrecipe/4667132/stocky-v3,Oatmeal Stout (16B),andrewoshea,"OG: 1.060 (14.8° P), Bitterness: 30.8 IBUs, ABV: 6.0 %"
N&B Tripel,https://beersmithrecipes.com/viewrecipe/5150077/nampb-tripel,Belgian Tripel (26C),DarthTexan,"OG: 1.081 (19.5° P), Bitterness: 28.2 IBUs, ABV: 9.1 %"
Pandemic at the Disco,https://beersmithrecipes.com/viewrecipe/2958555/pandemic-at-the-disco,Belgian Tripel (26C),DarthTexan,"OG: 1.080 (19.3° P), Bitterness: 30.7 IBUs, ABV: 8.8 %"
Canines Playing Canasta,https://beersmithrecipes.com/viewrecipe/4794005/canines-playing-canasta,American Stout (20B),DarthTexan,"OG: 1.069 (16.8° P), Bitterness: 57.8 IBUs, ABV: 6.7 %"
Bohemian Pilsner 1.0 w/Review,https://beersmithrecipes.com/viewrecipe/1294798/bohemian-pilsner-10-w-review,Bohemian Pilsner ( 2B),brendanstully,"OG: 1.066 (16.1° P), Bitterness: 36.7 IBUs, ABV: 6.5 %"
Scoots Red Ale,https://beersmithrecipes.com/viewrecipe/5098006/scoots-red-ale,Irish Red Ale (9D),scootsforthealscure,"OG: 1.056 (13.8° P), Bitterness: 19.6 IBUs, ABV: 5.4 %"
2 Brothers Irish Red (15 gal),https://beersmithrecipes.com/viewrecipe/5110671/2-brothers-irish-red-15-gal,American Amber Ale (6B),Brothers2,"OG: 1.062 (15.2° P), Bitterness: 25.3 IBUs, ABV: 5.8 %"
Blonde Ale,https://beersmithrecipes.com/viewrecipe/953844/blonde-ale,Blonde Ale (18A),coreyperrycm,"OG: 1.040 (10.1° P), Bitterness: 15.0 IBUs, ABV: 4.1 %"
352 Deschutes Black Butte Porter AHA,https://beersmithrecipes.com/viewrecipe/5131069/352-deschutes-black-butte-porter-aha,American Porter (20A),hopsfull,"OG: 1.054 (13.4° P), Bitterness: 39.6 IBUs, ABV: 5.5 %"
349 NEIPA,https://beersmithrecipes.com/viewrecipe/5080296/349-neipa,American IPA (14B),hopsfull,"OG: 1.073 (17.6° P), Bitterness: 39.3 IBUs, ABV: 6.8 %"
Comix 25,https://beersmithrecipes.com/viewrecipe/5160987/comix-25,Belgian Pale Ale (24B),andrewbehanie,"OG: 1.048 (12.0° P), Bitterness: 26.2 IBUs, ABV: 5.4 %"
#52 - Stoutend,https://beersmithrecipes.com/viewrecipe/5159019/52-stoutend,Irish Extra Stout (15C),mgades,"OG: 1.056 (13.7° P), Bitterness: 42.2 IBUs, ABV: 5.8 %"
Rice Fields American Lager,https://beersmithrecipes.com/viewrecipe/5109631/-rice-fields-american-lager,Pre-Prohibition Lager (27 ),solsticeshore,"OG: 1.049 (12.3° P), Bitterness: 40.7 IBUs, ABV: 5.4 %"
HB-JOKE,https://beersmithrecipes.com/viewrecipe/5160262/hb-joke,Belgian Dark Strong Ale (26D),jham,"OG: 1.080 (19.4° P), Bitterness: 23.5 IBUs, ABV: 9.0 %"
HB-L'HaMIELin,https://beersmithrecipes.com/viewrecipe/5160258/hb-lhamielin,Irish Red Ale (15A),jham,"OG: 1.076 (18.5° P), Bitterness: 24.0 IBUs, ABV: 7.8 %"
MichAle Brown Ale v.2,https://beersmithrecipes.com/viewrecipe/5045334/michale-brown-ale-v2,American Brown Ale (19C),solsticeshore,"OG: 1.054 (13.4° P), Bitterness: 32.6 IBUs, ABV: 6.1 %"
10A: Olustvere Pale Ale,https://beersmithrecipes.com/viewrecipe/4681236/10a-olustvere-pale-ale,American Pale Ale (18B),jaanist,"OG: 1.052 (12.9° P), Bitterness: 27.0 IBUs, ABV: 5.2 %"
Highlander,https://beersmithrecipes.com/viewrecipe/220409/highlander,Strong Scotch Ale (9E),johnmn,"OG: 1.088 (21.2° P), Bitterness: 25.3 IBUs, ABV: 8.5 %"
Belgian Blond Ale,https://beersmithrecipes.com/viewrecipe/2025271/belgian-blond-ale,Belgian Blond Ale (18A),marcotuliorod,"OG: 1.063 (15.5° P), Bitterness: 19.2 IBUs, ABV: 6.9 %"
Belgian Blond Ale,https://beersmithrecipes.com/viewrecipe/2025271/belgian-blond-ale,Belgian Blond Ale (18A),marcotuliorod,"OG: 1.063 (15.5° P), Bitterness: 19.2 IBUs, ABV: 6.9 %"
Barnes Cream Ale 2/16/2025,https://beersmithrecipes.com/viewrecipe/4944237/barnes-cream-ale-2-16-2025,Cream Ale (1C),dbarnes092,"OG: 1.050 (12.5° P), Bitterness: 11.2 IBUs, ABV: 5.3 %"
#51 - Studenterfest,https://beersmithrecipes.com/viewrecipe/5154888/51-studenterfest,Märzen ( 2C),mgades,"OG: 1.054 (13.3° P), Bitterness: 23.1 IBUs, ABV: 5.8 %"
ALE: MB: Cali Mountain Stout,https://beersmithrecipes.com/viewrecipe/5136000/ale-mb-cali-mountain-stout,American Stout (20B),jacksw02,"OG: 1.058 (14.4° P), Bitterness: 54.2 IBUs, ABV: 5.8 %"
Purple Corn Cream Ale,https://beersmithrecipes.com/viewrecipe/4894220/purple-corn-cream-ale,Cream Ale ( 1C),TheToggood,"OG: 1.045 (11.2° P), Bitterness: 0.0 IBUs, ABV: 5.1 %"
Belg 1.2,https://beersmithrecipes.com/viewrecipe/3162680/belg-12,Trappist Single (26A),Ceris13,"OG: 1.041 (10.3° P), Bitterness: 41.3 IBUs, ABV: 4.4 %"
Koln Kr!sp 2.0,https://beersmithrecipes.com/viewrecipe/3926103/koln-krsp-20,Kölsch ( 5B),soundwavedave,"OG: 1.049 (12.1° P), Bitterness: 20.9 IBUs, ABV: 5.1 %"
the high water,https://beersmithrecipes.com/viewrecipe/1618670/the-high-water,American IPA (14B),thenewvillagebrewery,"OG: 1.059 (14.5° P), Bitterness: 71.9 IBUs, ABV: 6.0 %"
Roy Farms ADHA 218,https://beersmithrecipes.com/viewrecipe/4540288/roy-farms-adha-218,American Pale Ale (18B),J3P0,"OG: 1.060 (14.7° P), Bitterness: 45.0 IBUs, ABV: 5.6 %"
AI-dobbelock,https://beersmithrecipes.com/viewrecipe/4966898/ai-dobbelock,Doppelbock ( 9A),ysanstra,"OG: 1.097 (23.1° P), Bitterness: 25.8 IBUs, ABV: 9.8 %"
Roy's Vienna Lager - Bock yeast,https://beersmithrecipes.com/viewrecipe/2842174/roys-vienna-lager-bock-yeast,Vienna Lager ( 7A),RoyU,"OG: 1.056 (13.7° P), Bitterness: 26.4 IBUs, ABV: 5.5 %"
Untitled Recipe,https://beersmithrecipes.com/viewrecipe/5158106/untitled-recipe,American Amber Ale ( 6B),cervezasans,"OG: 2.002 (172.7° P), Bitterness: 0.0 IBUs, ABV: 715.4 %"
Ball & Chain Wheat Ale (mrc),https://beersmithrecipes.com/viewrecipe/5155526/ball-amp-chain-wheat-ale-mrc,American Wheat or Rye Beer (6D),mcaukin,"OG: 1.047 (11.7° P), Bitterness: 17.1 IBUs, ABV: 4.8 %"
american ipa 60 litros,https://beersmithrecipes.com/viewrecipe/2169260/american-ipa-60-litros,American IPA (21A),flaviozavarise,"OG: 1.057 (14.1° P), Bitterness: 63.8 IBUs, ABV: 6.1 %"
ALE: MB: Belgian Pale Turned Into Saison 5gal,https://beersmithrecipes.com/viewrecipe/5156893/ale-mb-belgian-pale-turned-into-saison-5gal,Saison (25B),jacksw02,"OG: 1.051 (12.7° P), Bitterness: 25.0 IBUs, ABV: 5.8 %"
Left Hand Milk Stout,https://beersmithrecipes.com/viewrecipe/5156845/left-hand-milk-stout-,Sweet Stout (16A),ysanstra,"OG: 1.058 (14.3° P), Bitterness: 20.0 IBUs, ABV: 5.0 %"
Citra Pale Ale (GSteel),https://beersmithrecipes.com/viewrecipe/3395215/citra-pale-ale-gsteel,American Pale Ale (18B),GrahamSteel,"OG: 1.059 (14.5° P), Bitterness: 33.0 IBUs, ABV: 5.9 %"
Vamos De Fiesta,https://beersmithrecipes.com/viewrecipe/5156343/vamos-de-fiesta,International Pale Lager ( 2A),Daddylawman,"OG: 1.048 (11.8° P), Bitterness: 14.4 IBUs, ABV: 5.1 %"
Mark's Berliner Weiss,https://beersmithrecipes.com/viewrecipe/296313/marks-berliner-weiss,Berliner Weiss (17A),zambron,"OG: 1.032 (8.0° P), Bitterness: 6.3 IBUs, ABV: 3.1 %"
Squid Cream 3,https://beersmithrecipes.com/viewrecipe/5150009/squid-cream-3,Cream Ale ( 1C),T_Wayne,"OG: 1.044 (11.0° P), Bitterness: 14.5 IBUs, ABV: 5.1 %"
American Wheat 3 1BBL,https://beersmithrecipes.com/viewrecipe/5155932/american-wheat-3-1bbl,American Wheat Beer ( 1D),T_Wayne,"OG: 1.054 (13.4° P), Bitterness: 15.6 IBUs, ABV: 5.3 %"
American Wheat 3 1BBL,https://beersmithrecipes.com/viewrecipe/5155932/american-wheat-3-1bbl,American Wheat Beer ( 1D),T_Wayne,"OG: 1.054 (13.4° P), Bitterness: 15.6 IBUs, ABV: 5.3 %"
Black Sheep Irish Porter,https://beersmithrecipes.com/viewrecipe/2701431/black-sheep-irish-porter,Brown Porter (12A),mjstewart917519,"OG: 1.051 (12.6° P), Bitterness: 27.0 IBUs, ABV: 5.2 %"
Daylight Savings Haze 2.0,https://beersmithrecipes.com/viewrecipe/5155828/daylight-savings-haze-20,New England IPA (21B),e2mc17,"OG: 1.071 (17.2° P), Bitterness: 23.3 IBUs, ABV: 7.1 %"
APA Krister,https://beersmithrecipes.com/viewrecipe/5049940/apa-krister,American Pale Ale (18B),Krister,"OG: 1.052 (12.8° P), Bitterness: 44.8 IBUs, ABV: 5.1 %"
Nut Brown Ale (mrc),https://beersmithrecipes.com/viewrecipe/3311475/nut-brown-ale-mrc,British Brown Ale (13B),mcaukin,"OG: 1.047 (11.6° P), Bitterness: 25.7 IBUs, ABV: 4.7 %"
BrewKlub IPA Recipe,https://beersmithrecipes.com/viewrecipe/3224038/brewklub-ipa-recipe,American IPA (21A),jonboi666,"OG: 1.065 (15.9° P), Bitterness: 60.1 IBUs, ABV: 6.5 %"
Summer Slacker (mrc),https://beersmithrecipes.com/viewrecipe/4420499/summer-slacker-mrc,American-Style Cream Ale (34 ),mcaukin,"OG: 1.051 (12.7° P), Bitterness: 16.3 IBUs, ABV: 5.3 %"
Monumental NEIPA… of death! (ver 7),https://beersmithrecipes.com/viewrecipe/5129407/monumental-neipa-of-death-ver-7,Hazy IPA (21C),Ratape,"OG: 1.078 (18.9° P), Bitterness: 50.3 IBUs, ABV: 8.7 %"
Monumental NEIPA… of death! (ver 6),https://beersmithrecipes.com/viewrecipe/5129396/monumental-neipa-of-death-ver-6,Hazy IPA (21C),Ratape,"OG: 1.078 (18.9° P), Bitterness: 62.8 IBUs, ABV: 8.7 %"
Ian's Kveik Pale Ale,https://beersmithrecipes.com/viewrecipe/3299434/ians-kveik-pale-ale,American Pale Ale (18B),icdibble,"OG: 1.058 (14.2° P), Bitterness: 39.8 IBUs, ABV: 6.2 %"
lunch date blonde 255#,https://beersmithrecipes.com/viewrecipe/1507743/lunch-date-blonde-255,Blonde Ale ( 6B),caryhson1,"OG: 1.037 (9.2° P), Bitterness: 17.7 IBUs, ABV: 3.2 %"
NZ Hazy IPA,https://beersmithrecipes.com/viewrecipe/4624581/nz-hazy-ipa,New England IPA (21B),Jizames,"OG: 1.061 (15.1° P), Bitterness: 12.4 IBUs, ABV: 6.5 %"
Ale: MB: AMERICAN PALE ALE II,https://beersmithrecipes.com/viewrecipe/5120283/ale-mb-american-pale-ale-ii,American Pale Ale (18B),jacksw02,"OG: 1.052 (12.9° P), Bitterness: 50.4 IBUs, ABV: 5.4 %"
Lager: MB: Pacific Pilsner,https://beersmithrecipes.com/viewrecipe/5120280/lager-mb-pacific-pilsner,New Zealand Pilsner (X.5),jacksw02,"OG: 1.048 (11.9° P), Bitterness: 42.0 IBUs, ABV: 4.7 %"
Jeffy's Celebration,https://beersmithrecipes.com/viewrecipe/5139081/jeffys-celebration,American Pale Ale (18B),jeffboy,"OG: 1.065 (15.9° P), Bitterness: 75.3 IBUs, ABV: 6.3 %"
#47 Kaz Pilsner 4,https://beersmithrecipes.com/viewrecipe/1392822/47-kaz-pilsner-4,Bohemian Pilsner ( 2B),bradak,"OG: 1.048 (12.0° P), Bitterness: 39.6 IBUs, ABV: 4.9 %"
American IPA - 50 Litros,https://beersmithrecipes.com/viewrecipe/5153260/american-ipa-50-litros,American IPA (14B),alvproton1,"OG: 1.065 (15.9° P), Bitterness: 60.6 IBUs, ABV: 6.8 %"
Bald Birds Highway Miles 30 BBLRK,https://beersmithrecipes.com/viewrecipe/4310178/bald-birds-highway-miles-30-bblrk,American IPA (21A),BaldBirds,"OG: 1.068 (16.6° P), Bitterness: 75.0 IBUs, ABV: 7.3 %"
PetiteDesFetes_BelgianBitter,https://beersmithrecipes.com/viewrecipe/5061495/petitedesfetes-belgianbitter,Best Bitter (11B),Frncs,"OG: 1.039 (9.7° P), Bitterness: 44.7 IBUs, ABV: 4.0 %"
Have You Got One Of Yours On?,https://beersmithrecipes.com/viewrecipe/5077543/have-you-got-one-of-yours-on-,American Pale Ale (18B),LiamBradford84,"OG: 1.048 (11.9° P), Bitterness: 15.6 IBUs, ABV: 4.4 %"
Boddies pub ale,https://beersmithrecipes.com/viewrecipe/5140600/boddies-pub-ale,Ordinary Bitter (11A),andrewoshea,"OG: 1.042 (10.5° P), Bitterness: 27.1 IBUs, ABV: 4.4 %"
Boddies pub ale,https://beersmithrecipes.com/viewrecipe/5140600/boddies-pub-ale,Ordinary Bitter (11A),andrewoshea,"OG: 1.042 (10.5° P), Bitterness: 27.1 IBUs, ABV: 4.4 %"
Citrus Fresh Ale1,https://beersmithrecipes.com/viewrecipe/750956/citrus-fresh-ale1,American Amber Ale (6B),towny84,"OG: 1.047 (11.7° P), Bitterness: 35.3 IBUs, ABV: 4.7 %"
Louie's Lemon Squeezer,https://beersmithrecipes.com/viewrecipe/1850505/louies-lemon-squeezer,American Pale Ale (10A),BaderBeer,"OG: 1.053 (13.1° P), Bitterness: 41.9 IBUs, ABV: 5.5 %"
Saaz Smash,https://beersmithrecipes.com/viewrecipe/5051628/-saaz-smash-,American Lager (1B),GPBS23,"OG: 1.052 (12.9° P), Bitterness: 3.4 IBUs, ABV: 5.4 %"
Axehead Coffee Stout,https://beersmithrecipes.com/viewrecipe/4860487/axehead-coffee-stout,Milk/Sweet Stout (7F),celticozarkian,"OG: 1.049 (12.1° P), Bitterness: 17.6 IBUs, ABV: 5.0 %"
The Inky Squid (Black IPA),https://beersmithrecipes.com/viewrecipe/428815/the-inky-squid-black-ipa,American IPA (),damienkelly87,"OG: 1.063 (15.5° P), Bitterness: 70.1 IBUs, ABV: 6.9 %"
Denver 40 Mile Pale Ale,https://beersmithrecipes.com/viewrecipe/5140446/denver-40-mile-pale-ale,American Pale Ale (18B),cfrazier77,"OG: 1.047 (11.8° P), Bitterness: 49.6 IBUs, ABV: 4.9 %"
Whitetail kolsch 3,https://beersmithrecipes.com/viewrecipe/3869250/whitetail-kolsch-3,Kölsch ( 6C),CartecayRiverBrewing,"OG: 1.047 (11.7° P), Bitterness: 20.8 IBUs, ABV: 4.8 %"
Velociraptor Triple IPA - 1BBL,https://beersmithrecipes.com/viewrecipe/4463315/velociraptor-triple-ipa-1bbl,Double IPA (22A),CartecayRiverBrewing,"OG: 1.106 (25.0° P), Bitterness: 248.9 IBUs, ABV: 11.0 %"
Supplication Clone,https://beersmithrecipes.com/viewrecipe/3150207/supplication-clone,Flanders Brown Ale/Oud Bruin (17C),CartecayRiverBrewing,"OG: 1.059 (14.5° P), Bitterness: 20.6 IBUs, ABV: 6.0 %"
Sunflower Sour Recipe v2,https://beersmithrecipes.com/viewrecipe/2574066/sunflower-sour-recipe-v2,Mixed-Fermentation Sour Beer (28B),CartecayRiverBrewing,"OG: 1.050 (12.4° P), Bitterness: 7.3 IBUs, ABV: 5.4 %"
Summertime Seltzer 8bbl,https://beersmithrecipes.com/viewrecipe/4671938/summertime-seltzer-8bbl,Alternative Sugar Beer (31B),CartecayRiverBrewing,"OG: 1.042 (10.4° P), Bitterness: 0.0 IBUs, ABV: 6.7 %"
Space Fox - 5 Year,https://beersmithrecipes.com/viewrecipe/3497319/space-fox-5-year,New England IPA (21B),CartecayRiverBrewing,"OG: 1.083 (19.9° P), Bitterness: 38.9 IBUs, ABV: 8.7 %"
Snapping Turtle Amber OG,https://beersmithrecipes.com/viewrecipe/3518712/snapping-turtle-amber-og,American Amber Ale (19A),CartecayRiverBrewing,"OG: 1.046 (11.4° P), Bitterness: 32.4 IBUs, ABV: 4.5 %"
Skye Wheat - 1BBL,https://beersmithrecipes.com/viewrecipe/4588187/skye-wheat-1bbl,American Wheat Beer ( 1D),CartecayRiverBrewing,"OG: 1.065 (15.8° P), Bitterness: 15.9 IBUs, ABV: 6.3 %"
Raptor DIPA V5 7/6/22,https://beersmithrecipes.com/viewrecipe/3098077/raptor-dipa-v5-7-6-22,Double IPA (22A),CartecayRiverBrewing,"OG: 1.077 (18.7° P), Bitterness: 92.9 IBUs, ABV: 8.6 %"
Raptor DIPA 6/23/21,https://beersmithrecipes.com/viewrecipe/3549152/raptor-dipa-6-23-21,Double IPA (22A),CartecayRiverBrewing,"OG: 1.087 (20.9° P), Bitterness: 96.5 IBUs, ABV: 9.7 %"
Prospector DIPA,https://beersmithrecipes.com/viewrecipe/2663921/prospector-dipa,Double IPA (22A),CartecayRiverBrewing,"OG: 1.092 (22.0° P), Bitterness: 110.8 IBUs, ABV: 10.0 %"
Pliny the Elder (1.1),https://beersmithrecipes.com/viewrecipe/3150204/pliny-the-elder-11,Imperial IPA (14C),CartecayRiverBrewing,"OG: 1.075 (18.1° P), Bitterness: 147.8 IBUs, ABV: 8.0 %"
OG Sly Fox 2,https://beersmithrecipes.com/viewrecipe/3119567/og-sly-fox-2,American IPA (21A),CartecayRiverBrewing,"OG: 1.064 (15.8° P), Bitterness: 50.1 IBUs, ABV: 6.4 %"
Low ABV Saison Dupont,https://beersmithrecipes.com/viewrecipe/2544761/low-abv-saison-dupont,Saison (16C),CartecayRiverBrewing,"OG: 1.042 (10.5° P), Bitterness: 26.8 IBUs, ABV: 4.6 %"
